{"cameraMode":{"drawMode":0,"name":"Shaded","section":"Shading Mode"},"sceneLighting":false,"audioPlay":false,"sceneViewState":{"showFog":true,"showMaterialUpdate":false,"showSkybox":true,"showFlares":true,"showImageEffects":true,"showParticleSystems":true},"in2DMode":false,"pivot":{"x":3.4079508781433107,"y":-3.9019269943237306,"z":37.45549392700195},"rotation":{"x":-0.06989408284425736,"y":-0.1581300050020218,"z":0.011223092675209046,"w":-0.9848775267601013},"size":5.25293493270874,"orthographic":false}