{"cameraMode":{"drawMode":0,"name":"Shaded","section":"Shading Mode"},"sceneLighting":false,"audioPlay":false,"sceneViewState":{"showFog":true,"showMaterialUpdate":false,"showSkybox":true,"showFlares":true,"showImageEffects":true,"showParticleSystems":true},"in2DMode":false,"pivot":{"x":1.3812255859375,"y":-2.8499326705932619,"z":114.54029846191406},"rotation":{"x":0.2055118829011917,"y":-0.011173412203788758,"z":0.002346430905163288,"w":0.9785881042480469},"size":2.9818661212921144,"orthographic":false}