{"cameraMode":{"drawMode":0,"name":"Shaded","section":"Shading Mode"},"sceneLighting":false,"audioPlay":false,"sceneViewState":{"showFog":true,"showMaterialUpdate":false,"showSkybox":true,"showFlares":true,"showImageEffects":true,"showParticleSystems":true},"in2DMode":false,"pivot":{"x":3.651258945465088,"y":-3.793217182159424,"z":37.23396301269531},"rotation":{"x":0.13501228392124177,"y":-0.7957051396369934,"z":0.1924608200788498,"w":0.5581969618797302},"size":4.915562152862549,"orthographic":false}